Time,Latitude,Longitude,Temperature(in c),Humidity(in %)
00:00,17.984979,79.534172,26,59
00:01,17.984979,79.534172,26,59
00:02,17.984979,79.534172,26,59
00:03,17.984979,79.534172,26,59
00:04,17.984979,79.534172,26,59
00:05,17.984979,79.534172,26,59
00:06,17.984979,79.534172,26,59
00:07,17.984979,79.534172,26,59
00:08,17.984979,79.534172,26,59
00:09,17.984979,79.534172,26,59
00:10,17.984979,79.534172,26,59
00:11,17.984979,79.534172,26,59
00:12,17.984979,79.534172,26,59
00:13,17.984979,79.534172,26,59
00:14,17.984979,79.534172,26,59
00:15,17.984979,79.534172,26,59
00:16,17.984979,79.534172,26,59
00:17,17.984979,79.534172,26,59
00:18,17.984979,79.534172,26,59
00:19,17.984979,79.534172,26,59
00:20,17.984979,79.534172,26,59
00:21,17.984979,79.534172,26,59
00:22,17.984979,79.534172,26,59
00:23,17.984979,79.534172,26,59
00:24,17.984979,79.534172,26,59
00:25,17.984979,79.534172,26,59
00:26,17.984979,79.534172,26,59
00:27,17.984979,79.534172,26,59
00:28,17.984979,79.534172,26,59
00:29,17.984979,79.534172,26,59
00:30,17.984979,79.534172,26,59
00:31,17.984979,79.534172,26,59
00:32,17.984979,79.534172,26,59
00:33,17.984979,79.534172,26,59
00:34,17.984979,79.534172,26,59
00:35,17.984979,79.534172,26,59
00:36,17.984979,79.534172,26,59
00:37,17.984979,79.534172,26,59
00:38,17.984979,79.534172,26,59
00:39,17.984979,79.534172,26,59
00:40,17.984979,79.534172,26,59
00:41,17.984979,79.534172,26,59
00:42,17.984979,79.534172,26,59
00:43,17.984979,79.534172,26,59
00:44,17.984979,79.534172,26,59
00:45,17.984979,79.534172,26,59
00:46,17.984979,79.534172,26,59
00:47,17.984979,79.534172,26,59
00:48,17.984979,79.534172,26,59
00:49,17.984979,79.534172,26,59
00:50,17.984979,79.534172,26,59
00:51,17.984979,79.534172,26,59
00:52,17.984979,79.534172,26,59
00:53,17.984979,79.534172,26,59
00:54,17.984979,79.534172,26,59
00:55,17.984979,79.534172,26,59
00:56,17.984979,79.534172,26,59
00:57,17.984979,79.534172,26,59
00:58,17.984979,79.534172,26,59
00:59,17.984979,79.534172,26,59
01:00,17.984979,79.534172,26.2,58.8
01:01,17.984979,79.534172,26.2,58.8
01:02,17.984979,79.534172,26.2,58.8
01:03,17.984979,79.534172,26.2,58.8
01:04,17.984979,79.534172,26.2,58.8
01:05,17.984979,79.534172,26.2,58.8
01:06,17.984979,79.534172,26.2,58.8
01:07,17.984979,79.534172,26.2,58.8
01:08,17.984979,79.534172,26.2,58.8
01:09,17.984979,79.534172,26.2,58.8
01:10,17.984979,79.534172,26.2,58.8
01:11,17.984979,79.534172,26.2,58.8
01:12,17.984979,79.534172,26.2,58.8
01:13,17.984979,79.534172,26.2,58.8
01:14,17.984979,79.534172,26.2,58.8
01:15,17.984979,79.534172,26.2,58.8
01:16,17.984979,79.534172,26.2,58.8
01:17,17.984979,79.534172,26.2,58.8
01:18,17.984979,79.534172,26.2,58.8
01:19,17.984979,79.534172,26.2,58.8
01:20,17.984979,79.534172,26.2,58.8
01:21,17.984979,79.534172,26.2,58.8
01:22,17.984979,79.534172,26.2,58.8
01:23,17.984979,79.534172,26.2,58.8
01:24,17.984979,79.534172,26.2,58.8
01:25,17.984979,79.534172,26.2,58.8
01:26,17.984979,79.534172,26.2,58.8
01:27,17.984979,79.534172,26.2,58.8
01:28,17.984979,79.534172,26.2,58.8
01:29,17.984979,79.534172,26.2,58.8
01:30,17.984979,79.534172,26.2,58.8
01:31,17.984979,79.534172,26.2,58.8
01:32,17.984979,79.534172,26.2,58.8
01:33,17.984979,79.534172,26.2,58.8
01:34,17.984979,79.534172,26.2,58.8
01:35,17.984979,79.534172,26.2,58.8
01:36,17.984979,79.534172,26.2,58.8
01:37,17.984979,79.534172,26.2,58.8
01:38,17.984979,79.534172,26.2,58.8
01:39,17.984979,79.534172,26.2,58.8
01:40,17.984979,79.534172,26.2,58.8
01:41,17.984979,79.534172,26.2,58.8
01:42,17.984979,79.534172,26.2,58.8
01:43,17.984979,79.534172,26.2,58.8
01:44,17.984979,79.534172,26.2,58.8
01:45,17.984979,79.534172,26.2,58.8
01:46,17.984979,79.534172,26.2,58.8
01:47,17.984979,79.534172,26.2,58.8
01:48,17.984979,79.534172,26.2,58.8
01:49,17.984979,79.534172,26.2,58.8
01:50,17.984979,79.534172,26.2,58.8
01:51,17.984979,79.534172,26.2,58.8
01:52,17.984979,79.534172,26.2,58.8
01:53,17.984979,79.534172,26.2,58.8
01:54,17.984979,79.534172,26.2,58.8
01:55,17.984979,79.534172,26.2,58.8
01:56,17.984979,79.534172,26.2,58.8
01:57,17.984979,79.534172,26.2,58.8
01:58,17.984979,79.534172,26.2,58.8
01:59,17.984979,79.534172,26.2,58.8
02:00,17.984979,79.534172,26.4,58.6
02:01,17.984979,79.534172,26.4,58.6
02:02,17.984979,79.534172,26.4,58.6
02:03,17.984979,79.534172,26.4,58.6
02:04,17.984979,79.534172,26.4,58.6
02:05,17.984979,79.534172,26.4,58.6
02:06,17.984979,79.534172,26.4,58.6
02:07,17.984979,79.534172,26.4,58.6
02:08,17.984979,79.534172,26.4,58.6
02:09,17.984979,79.534172,26.4,58.6
02:10,17.984979,79.534172,26.4,58.6
02:11,17.984979,79.534172,26.4,58.6
02:12,17.984979,79.534172,26.4,58.6
02:13,17.984979,79.534172,26.4,58.6
02:14,17.984979,79.534172,26.4,58.6
02:15,17.984979,79.534172,26.4,58.6
02:16,17.984979,79.534172,26.4,58.6
02:17,17.984979,79.534172,26.4,58.6
02:18,17.984979,79.534172,26.4,58.6
02:19,17.984979,79.534172,26.4,58.6
02:20,17.984979,79.534172,26.4,58.6
02:21,17.984979,79.534172,26.4,58.6
02:22,17.984979,79.534172,26.4,58.6
02:23,17.984979,79.534172,26.4,58.6
02:24,17.984979,79.534172,26.4,58.6
02:25,17.984979,79.534172,26.4,58.6
02:26,17.984979,79.534172,26.4,58.6
02:27,17.984979,79.534172,26.4,58.6
02:28,17.984979,79.534172,26.4,58.6
02:29,17.984979,79.534172,26.4,58.6
02:30,17.984979,79.534172,26.4,58.6
02:31,17.984979,79.534172,26.4,58.6
02:32,17.984979,79.534172,26.4,58.6
02:33,17.984979,79.534172,26.4,58.6
02:34,17.984979,79.534172,26.4,58.6
02:35,17.984979,79.534172,26.4,58.6
02:36,17.984979,79.534172,26.4,58.6
02:37,17.984979,79.534172,26.4,58.6
02:38,17.984979,79.534172,26.4,58.6
02:39,17.984979,79.534172,26.4,58.6
02:40,17.984979,79.534172,26.4,58.6
02:41,17.984979,79.534172,26.4,58.6
02:42,17.984979,79.534172,26.4,58.6
02:43,17.984979,79.534172,26.4,58.6
02:44,17.984979,79.534172,26.4,58.6
02:45,17.984979,79.534172,26.4,58.6
02:46,17.984979,79.534172,26.4,58.6
02:47,17.984979,79.534172,26.4,58.6
02:48,17.984979,79.534172,26.4,58.6
02:49,17.984979,79.534172,26.4,58.6
02:50,17.984979,79.534172,26.4,58.6
02:51,17.984979,79.534172,26.4,58.6
02:52,17.984979,79.534172,26.4,58.6
02:53,17.984979,79.534172,26.4,58.6
02:54,17.984979,79.534172,26.4,58.6
02:55,17.984979,79.534172,26.4,58.6
02:56,17.984979,79.534172,26.4,58.6
02:57,17.984979,79.534172,26.4,58.6
02:58,17.984979,79.534172,26.4,58.6
02:59,17.984979,79.534172,26.4,58.6
03:00,17.984979,79.534172,26.6,58.4
03:01,17.984979,79.534172,26.6,58.4
03:02,17.984979,79.534172,26.6,58.4
03:03,17.984979,79.534172,26.6,58.4
03:04,17.984979,79.534172,26.6,58.4
03:05,17.984979,79.534172,26.6,58.4
03:06,17.984979,79.534172,26.6,58.4
03:07,17.984979,79.534172,26.6,58.4
03:08,17.984979,79.534172,26.6,58.4
03:09,17.984979,79.534172,26.6,58.4
03:10,17.984979,79.534172,26.6,58.4
03:11,17.984979,79.534172,26.6,58.4
03:12,17.984979,79.534172,26.6,58.4
03:13,17.984979,79.534172,26.6,58.4
03:14,17.984979,79.534172,26.6,58.4
03:15,17.984979,79.534172,26.6,58.4
03:16,17.984979,79.534172,26.6,58.4
03:17,17.984979,79.534172,26.6,58.4
03:18,17.984979,79.534172,26.6,58.4
03:19,17.984979,79.534172,26.6,58.4
03:20,17.984979,79.534172,26.6,58.4
03:21,17.984979,79.534172,26.6,58.4
03:22,17.984979,79.534172,26.6,58.4
03:23,17.984979,79.534172,26.6,58.4
03:24,17.984979,79.534172,26.6,58.4
03:25,17.984979,79.534172,26.6,58.4
03:26,17.984979,79.534172,26.6,58.4
03:27,17.984979,79.534172,26.6,58.4
03:28,17.984979,79.534172,26.6,58.4
03:29,17.984979,79.534172,26.6,58.4
03:30,17.984979,79.534172,26.6,58.4
03:31,17.984979,79.534172,26.6,58.4
03:32,17.984979,79.534172,26.6,58.4
03:33,17.984979,79.534172,26.6,58.4
03:34,17.984979,79.534172,26.6,58.4
03:35,17.984979,79.534172,26.6,58.4
03:36,17.984979,79.534172,26.6,58.4
03:37,17.984979,79.534172,26.6,58.4
03:38,17.984979,79.534172,26.6,58.4
03:39,17.984979,79.534172,26.6,58.4
03:40,17.984979,79.534172,26.6,58.4
03:41,17.984979,79.534172,26.6,58.4
03:42,17.984979,79.534172,26.6,58.4
03:43,17.984979,79.534172,26.6,58.4
03:44,17.984979,79.534172,26.6,58.4
03:45,17.984979,79.534172,26.6,58.4
03:46,17.984979,79.534172,26.6,58.4
03:47,17.984979,79.534172,26.6,58.4
03:48,17.984979,79.534172,26.6,58.4
03:49,17.984979,79.534172,26.6,58.4
03:50,17.984979,79.534172,26.6,58.4
03:51,17.984979,79.534172,26.6,58.4
03:52,17.984979,79.534172,26.6,58.4
03:53,17.984979,79.534172,26.6,58.4
03:54,17.984979,79.534172,26.6,58.4
03:55,17.984979,79.534172,26.6,58.4
03:56,17.984979,79.534172,26.6,58.4
03:57,17.984979,79.534172,26.6,58.4
03:58,17.984979,79.534172,26.6,58.4
03:59,17.984979,79.534172,26.6,58.4
04:00,17.984979,79.534172,26.8,58.2
04:01,17.984979,79.534172,26.8,58.2
04:02,17.984979,79.534172,26.8,58.2
04:03,17.984979,79.534172,26.8,58.2
04:04,17.984979,79.534172,26.8,58.2
04:05,17.984979,79.534172,26.8,58.2
04:06,17.984979,79.534172,26.8,58.2
04:07,17.984979,79.534172,26.8,58.2
04:08,17.984979,79.534172,26.8,58.2
04:09,17.984979,79.534172,26.8,58.2
04:10,17.984979,79.534172,26.8,58.2
04:11,17.984979,79.534172,26.8,58.2
04:12,17.984979,79.534172,26.8,58.2
04:13,17.984979,79.534172,26.8,58.2
04:14,17.984979,79.534172,26.8,58.2
04:15,17.984979,79.534172,26.8,58.2
04:16,17.984979,79.534172,26.8,58.2
04:17,17.984979,79.534172,26.8,58.2
04:18,17.984979,79.534172,26.8,58.2
04:19,17.984979,79.534172,26.8,58.2
04:20,17.984979,79.534172,26.8,58.2
04:21,17.984979,79.534172,26.8,58.2
04:22,17.984979,79.534172,26.8,58.2
04:23,17.984979,79.534172,26.8,58.2
04:24,17.984979,79.534172,26.8,58.2
04:25,17.984979,79.534172,26.8,58.2
04:26,17.984979,79.534172,26.8,58.2
04:27,17.984979,79.534172,26.8,58.2
04:28,17.984979,79.534172,26.8,58.2
04:29,17.984979,79.534172,26.8,58.2
04:30,17.984979,79.534172,26.8,58.2
04:31,17.984979,79.534172,26.8,58.2
04:32,17.984979,79.534172,26.8,58.2
04:33,17.984979,79.534172,26.8,58.2
04:34,17.984979,79.534172,26.8,58.2
04:35,17.984979,79.534172,26.8,58.2
04:36,17.984979,79.534172,26.8,58.2
04:37,17.984979,79.534172,26.8,58.2
04:38,17.984979,79.534172,26.8,58.2
04:39,17.984979,79.534172,26.8,58.2
04:40,17.984979,79.534172,26.8,58.2
04:41,17.984979,79.534172,26.8,58.2
04:42,17.984979,79.534172,26.8,58.2
04:43,17.984979,79.534172,26.8,58.2
04:44,17.984979,79.534172,26.8,58.2
04:45,17.984979,79.534172,26.8,58.2
04:46,17.984979,79.534172,26.8,58.2
04:47,17.984979,79.534172,26.8,58.2
04:48,17.984979,79.534172,26.8,58.2
04:49,17.984979,79.534172,26.8,58.2
04:50,17.984979,79.534172,26.8,58.2
04:51,17.984979,79.534172,26.8,58.2
04:52,17.984979,79.534172,26.8,58.2
04:53,17.984979,79.534172,26.8,58.2
04:54,17.984979,79.534172,26.8,58.2
04:55,17.984979,79.534172,26.8,58.2
04:56,17.984979,79.534172,26.8,58.2
04:57,17.984979,79.534172,26.8,58.2
04:58,17.984979,79.534172,26.8,58.2
04:59,17.984979,79.534172,26.8,58.2
05:00,17.984979,79.534172,28,57
05:01,17.984979,79.534172,28,57
05:02,17.984979,79.534172,28,57
05:03,17.984979,79.534172,28,57
05:04,17.984979,79.534172,28,57
05:05,17.984979,79.534172,28,57
05:06,17.984979,79.534172,28,57
05:07,17.984979,79.534172,28,57
05:08,17.984979,79.534172,28,57
05:09,17.984979,79.534172,28,57
05:10,17.984979,79.534172,28,57
05:11,17.984979,79.534172,28,57
05:12,17.984979,79.534172,28,57
05:13,17.984979,79.534172,28,57
05:14,17.984979,79.534172,28,57
05:15,17.984979,79.534172,28,57
05:16,17.984979,79.534172,28,57
05:17,17.984979,79.534172,28,57
05:18,17.984979,79.534172,28,57
05:19,17.984979,79.534172,28,57
05:20,17.984979,79.534172,28,57
05:21,17.984979,79.534172,28,57
05:22,17.984979,79.534172,28,57
05:23,17.984979,79.534172,28,57
05:24,17.984979,79.534172,28,57
05:25,17.984979,79.534172,28,57
05:26,17.984979,79.534172,28,57
05:27,17.984979,79.534172,28,57
05:28,17.984979,79.534172,28,57
05:29,17.984979,79.534172,28,57
05:30,17.984979,79.534172,28,57
05:31,17.984979,79.534172,28,57
05:32,17.984979,79.534172,28,57
05:33,17.984979,79.534172,28,57
05:34,17.984979,79.534172,28,57
05:35,17.984979,79.534172,28,57
05:36,17.984979,79.534172,28,57
05:37,17.984979,79.534172,28,57
05:38,17.984979,79.534172,28,57
05:39,17.984979,79.534172,28,57
05:40,17.984979,79.534172,28,57
05:41,17.984979,79.534172,28,57
05:42,17.984979,79.534172,28,57
05:43,17.984979,79.534172,28,57
05:44,17.984979,79.534172,28,57
05:45,17.984979,79.534172,28,57
05:46,17.984979,79.534172,28,57
05:47,17.984979,79.534172,28,57
05:48,17.984979,79.534172,28,57
05:49,17.984979,79.534172,28,57
05:50,17.984979,79.534172,28,57
05:51,17.984979,79.534172,28,57
05:52,17.984979,79.534172,28,57
05:53,17.984979,79.534172,28,57
05:54,17.984979,79.534172,28,57
05:55,17.984979,79.534172,28,57
05:56,17.984979,79.534172,28,57
05:57,17.984979,79.534172,28,57
05:58,17.984979,79.534172,28,57
05:59,17.984979,79.534172,28,57
06:00,17.984979,79.534172,29.2,55.8
06:01,17.984979,79.534172,29.2,55.8
06:02,17.984979,79.534172,29.2,55.8
06:03,17.984979,79.534172,29.2,55.8
06:04,17.984979,79.534172,29.2,55.8
06:05,17.984979,79.534172,29.2,55.8
06:06,17.984979,79.534172,29.2,55.8
06:07,17.984979,79.534172,29.2,55.8
06:08,17.984979,79.534172,29.2,55.8
06:09,17.984979,79.534172,29.2,55.8
06:10,17.984979,79.534172,29.2,55.8
06:11,17.984979,79.534172,29.2,55.8
06:12,17.984979,79.534172,29.2,55.8
06:13,17.984979,79.534172,29.2,55.8
06:14,17.984979,79.534172,29.2,55.8
06:15,17.984979,79.534172,29.2,55.8
06:16,17.984979,79.534172,29.2,55.8
06:17,17.984979,79.534172,29.2,55.8
06:18,17.984979,79.534172,29.2,55.8
06:19,17.984979,79.534172,29.2,55.8
06:20,17.984979,79.534172,29.2,55.8
06:21,17.984979,79.534172,29.2,55.8
06:22,17.984979,79.534172,29.2,55.8
06:23,17.984979,79.534172,29.2,55.8
06:24,17.984979,79.534172,29.2,55.8
06:25,17.984979,79.534172,29.2,55.8
06:26,17.984979,79.534172,29.2,55.8
06:27,17.984979,79.534172,29.2,55.8
06:28,17.984979,79.534172,29.2,55.8
06:29,17.984979,79.534172,29.2,55.8
06:30,17.984979,79.534172,29.2,55.8
06:31,17.984979,79.534172,29.2,55.8
06:32,17.984979,79.534172,29.2,55.8
06:33,17.984979,79.534172,29.2,55.8
06:34,17.984979,79.534172,29.2,55.8
06:35,17.984979,79.534172,29.2,55.8
06:36,17.984979,79.534172,29.2,55.8
06:37,17.984979,79.534172,29.2,55.8
06:38,17.984979,79.534172,29.2,55.8
06:39,17.984979,79.534172,29.2,55.8
06:40,17.984979,79.534172,29.2,55.8
06:41,17.984979,79.534172,29.2,55.8
06:42,17.984979,79.534172,29.2,55.8
06:43,17.984979,79.534172,29.2,55.8
06:44,17.984979,79.534172,29.2,55.8
06:45,17.984979,79.534172,29.2,55.8
06:46,17.984979,79.534172,29.2,55.8
06:47,17.984979,79.534172,29.2,55.8
06:48,17.984979,79.534172,29.2,55.8
06:49,17.984979,79.534172,29.2,55.8
06:50,17.984979,79.534172,29.2,55.8
06:51,17.984979,79.534172,29.2,55.8
06:52,17.984979,79.534172,29.2,55.8
06:53,17.984979,79.534172,29.2,55.8
06:54,17.984979,79.534172,29.2,55.8
06:55,17.984979,79.534172,29.2,55.8
06:56,17.984979,79.534172,29.2,55.8
06:57,17.984979,79.534172,29.2,55.8
06:58,17.984979,79.534172,29.2,55.8
06:59,17.984979,79.534172,29.2,55.8
07:00,17.984979,79.534172,30.4,54.6
07:01,17.984979,79.534172,30.4,54.6
07:02,17.984979,79.534172,30.4,54.6
07:03,17.984979,79.534172,30.4,54.6
07:04,17.984979,79.534172,30.4,54.6
07:05,17.984979,79.534172,30.4,54.6
07:06,17.984979,79.534172,30.4,54.6
07:07,17.984979,79.534172,30.4,54.6
07:08,17.984979,79.534172,30.4,54.6
07:09,17.984979,79.534172,30.4,54.6
07:10,17.984979,79.534172,30.4,54.6
07:11,17.984979,79.534172,30.4,54.6
07:12,17.984979,79.534172,30.4,54.6
07:13,17.984979,79.534172,30.4,54.6
07:14,17.984979,79.534172,30.4,54.6
07:15,17.984979,79.534172,30.4,54.6
07:16,17.984979,79.534172,30.4,54.6
07:17,17.984979,79.534172,30.4,54.6
07:18,17.984979,79.534172,30.4,54.6
07:19,17.984979,79.534172,30.4,54.6
07:20,17.984979,79.534172,30.4,54.6
07:21,17.984979,79.534172,30.4,54.6
07:22,17.984979,79.534172,30.4,54.6
07:23,17.984979,79.534172,30.4,54.6
07:24,17.984979,79.534172,30.4,54.6
07:25,17.984979,79.534172,30.4,54.6
07:26,17.984979,79.534172,30.4,54.6
07:27,17.984979,79.534172,30.4,54.6
07:28,17.984979,79.534172,30.4,54.6
07:29,17.984979,79.534172,30.4,54.6
07:30,17.984979,79.534172,30.4,54.6
07:31,17.984979,79.534172,30.4,54.6
07:32,17.984979,79.534172,30.4,54.6
07:33,17.984979,79.534172,30.4,54.6
07:34,17.984979,79.534172,30.4,54.6
07:35,17.984979,79.534172,30.4,54.6
07:36,17.984979,79.534172,30.4,54.6
07:37,17.984979,79.534172,30.4,54.6
07:38,17.984979,79.534172,30.4,54.6
07:39,17.984979,79.534172,30.4,54.6
07:40,17.984979,79.534172,30.4,54.6
07:41,17.984979,79.534172,30.4,54.6
07:42,17.984979,79.534172,30.4,54.6
07:43,17.984979,79.534172,30.4,54.6
07:44,17.984979,79.534172,30.4,54.6
07:45,17.984979,79.534172,30.4,54.6
07:46,17.984979,79.534172,30.4,54.6
07:47,17.984979,79.534172,30.4,54.6
07:48,17.984979,79.534172,30.4,54.6
07:49,17.984979,79.534172,30.4,54.6
07:50,17.984979,79.534172,30.4,54.6
07:51,17.984979,79.534172,30.4,54.6
07:52,17.984979,79.534172,30.4,54.6
07:53,17.984979,79.534172,30.4,54.6
07:54,17.984979,79.534172,30.4,54.6
07:55,17.984979,79.534172,30.4,54.6
07:56,17.984979,79.534172,30.4,54.6
07:57,17.984979,79.534172,30.4,54.6
07:58,17.984979,79.534172,30.4,54.6
07:59,17.984979,79.534172,30.4,54.6
08:00,17.984979,79.534172,31.6,53.4
08:01,17.984979,79.534172,31.6,53.4
08:02,17.984979,79.534172,31.6,53.4
08:03,17.984979,79.534172,31.6,53.4
08:04,17.984979,79.534172,31.6,53.4
08:05,17.984979,79.534172,31.6,53.4
08:06,17.984979,79.534172,31.6,53.4
08:07,17.984979,79.534172,31.6,53.4
08:08,17.984979,79.534172,31.6,53.4
08:09,17.984979,79.534172,31.6,53.4
08:10,17.984979,79.534172,31.6,53.4
08:11,17.984979,79.534172,31.6,53.4
08:12,17.984979,79.534172,31.6,53.4
08:13,17.984979,79.534172,31.6,53.4
08:14,17.984979,79.534172,31.6,53.4
08:15,17.984979,79.534172,31.6,53.4
08:16,17.984979,79.534172,31.6,53.4
08:17,17.984979,79.534172,31.6,53.4
08:18,17.984979,79.534172,31.6,53.4
08:19,17.984979,79.534172,31.6,53.4
08:20,17.984979,79.534172,31.6,53.4
08:21,17.984979,79.534172,31.6,53.4
08:22,17.984979,79.534172,31.6,53.4
08:23,17.984979,79.534172,31.6,53.4
08:24,17.984979,79.534172,31.6,53.4
08:25,17.984979,79.534172,31.6,53.4
08:26,17.984979,79.534172,31.6,53.4
08:27,17.984979,79.534172,31.6,53.4
08:28,17.984979,79.534172,31.6,53.4
08:29,17.984979,79.534172,31.6,53.4
08:30,17.984979,79.534172,31.6,53.4
08:31,17.984979,79.534172,31.6,53.4
08:32,17.984979,79.534172,31.6,53.4
08:33,17.984979,79.534172,31.6,53.4
08:34,17.984979,79.534172,31.6,53.4
08:35,17.984979,79.534172,31.6,53.4
08:36,17.984979,79.534172,31.6,53.4
08:37,17.984979,79.534172,31.6,53.4
08:38,17.984979,79.534172,31.6,53.4
08:39,17.984979,79.534172,31.6,53.4
08:40,17.984979,79.534172,31.6,53.4
08:41,17.984979,79.534172,31.6,53.4
08:42,17.984979,79.534172,31.6,53.4
08:43,17.984979,79.534172,31.6,53.4
08:44,17.984979,79.534172,31.6,53.4
08:45,17.984979,79.534172,31.6,53.4
08:46,17.984979,79.534172,31.6,53.4
08:47,17.984979,79.534172,31.6,53.4
08:48,17.984979,79.534172,31.6,53.4
08:49,17.984979,79.534172,31.6,53.4
08:50,17.984979,79.534172,31.6,53.4
08:51,17.984979,79.534172,31.6,53.4
08:52,17.984979,79.534172,31.6,53.4
08:53,17.984979,79.534172,31.6,53.4
08:54,17.984979,79.534172,31.6,53.4
08:55,17.984979,79.534172,31.6,53.4
08:56,17.984979,79.534172,31.6,53.4
08:57,17.984979,79.534172,31.6,53.4
08:58,17.984979,79.534172,31.6,53.4
08:59,17.984979,79.534172,31.6,53.4
09:00,17.984979,79.534172,32.8,52.2
09:01,17.984979,79.534172,32.8,52.2
09:02,17.984979,79.534172,32.8,52.2
09:03,17.984979,79.534172,32.8,52.2
09:04,17.984979,79.534172,32.8,52.2
09:05,17.984979,79.534172,32.8,52.2
09:06,17.984979,79.534172,32.8,52.2
09:07,17.984979,79.534172,32.8,52.2
09:08,17.984979,79.534172,32.8,52.2
09:09,17.984979,79.534172,32.8,52.2
09:10,17.984979,79.534172,32.8,52.2
09:11,17.984979,79.534172,32.8,52.2
09:12,17.984979,79.534172,32.8,52.2
09:13,17.984979,79.534172,32.8,52.2
09:14,17.984979,79.534172,32.8,52.2
09:15,17.984979,79.534172,32.8,52.2
09:16,17.984979,79.534172,32.8,52.2
09:17,17.984979,79.534172,32.8,52.2
09:18,17.984979,79.534172,32.8,52.2
09:19,17.984979,79.534172,32.8,52.2
09:20,17.984979,79.534172,32.8,52.2
09:21,17.984979,79.534172,32.8,52.2
09:22,17.984979,79.534172,32.8,52.2
09:23,17.984979,79.534172,32.8,52.2
09:24,17.984979,79.534172,32.8,52.2
09:25,17.984979,79.534172,32.8,52.2
09:26,17.984979,79.534172,32.8,52.2
09:27,17.984979,79.534172,32.8,52.2
09:28,17.984979,79.534172,32.8,52.2
09:29,17.984979,79.534172,32.8,52.2
09:30,17.984979,79.534172,32.8,52.2
09:31,17.984979,79.534172,32.8,52.2
09:32,17.984979,79.534172,32.8,52.2
09:33,17.984979,79.534172,32.8,52.2
09:34,17.984979,79.534172,32.8,52.2
09:35,17.984979,79.534172,32.8,52.2
09:36,17.984979,79.534172,32.8,52.2
09:37,17.984979,79.534172,32.8,52.2
09:38,17.984979,79.534172,32.8,52.2
09:39,17.984979,79.534172,32.8,52.2
09:40,17.984979,79.534172,32.8,52.2
09:41,17.984979,79.534172,32.8,52.2
09:42,17.984979,79.534172,32.8,52.2
09:43,17.984979,79.534172,32.8,52.2
09:44,17.984979,79.534172,32.8,52.2
09:45,17.984979,79.534172,32.8,52.2
09:46,17.984979,79.534172,32.8,52.2
09:47,17.984979,79.534172,32.8,52.2
09:48,17.984979,79.534172,32.8,52.2
09:49,17.984979,79.534172,32.8,52.2
09:50,17.984979,79.534172,32.8,52.2
09:51,17.984979,79.534172,32.8,52.2
09:52,17.984979,79.534172,32.8,52.2
09:53,17.984979,79.534172,32.8,52.2
09:54,17.984979,79.534172,32.8,52.2
09:55,17.984979,79.534172,32.8,52.2
09:56,17.984979,79.534172,32.8,52.2
09:57,17.984979,79.534172,32.8,52.2
09:58,17.984979,79.534172,32.8,52.2
09:59,17.984979,79.534172,32.8,52.2
10:00,17.984979,79.534172,34,51
10:01,17.984979,79.534172,34,51
10:02,17.984979,79.534172,34,51
10:03,17.984979,79.534172,34,51
10:04,17.984979,79.534172,34,51
10:05,17.984979,79.534172,34,51
10:06,17.984979,79.534172,34,51
10:07,17.984979,79.534172,34,51
10:08,17.984979,79.534172,34,51
10:09,17.984979,79.534172,34,51
10:10,17.984979,79.534172,34,51
10:11,17.984979,79.534172,34,51
10:12,17.984979,79.534172,34,51
10:13,17.984979,79.534172,34,51
10:14,17.984979,79.534172,34,51
10:15,17.984979,79.534172,34,51
10:16,17.984979,79.534172,34,51
10:17,17.984979,79.534172,34,51
10:18,17.984979,79.534172,34,51
10:19,17.984979,79.534172,34,51
10:20,17.984979,79.534172,34,51
10:21,17.984979,79.534172,34,51
10:22,17.984979,79.534172,34,51
10:23,17.984979,79.534172,34,51
10:24,17.984979,79.534172,34,51
10:25,17.984979,79.534172,34,51
10:26,17.984979,79.534172,34,51
10:27,17.984979,79.534172,34,51
10:28,17.984979,79.534172,34,51
10:29,17.984979,79.534172,34,51
10:30,17.984979,79.534172,34,51
10:31,17.984979,79.534172,34,51
10:32,17.984979,79.534172,34,51
10:33,17.984979,79.534172,34,51
10:34,17.984979,79.534172,34,51
10:35,17.984979,79.534172,34,51
10:36,17.984979,79.534172,34,51
10:37,17.984979,79.534172,34,51
10:38,17.984979,79.534172,34,51
10:39,17.984979,79.534172,34,51
10:40,17.984979,79.534172,34,51
10:41,17.984979,79.534172,34,51
10:42,17.984979,79.534172,34,51
10:43,17.984979,79.534172,34,51
10:44,17.984979,79.534172,34,51
10:45,17.984979,79.534172,34,51
10:46,17.984979,79.534172,34,51
10:47,17.984979,79.534172,34,51
10:48,17.984979,79.534172,34,51
10:49,17.984979,79.534172,34,51
10:50,17.984979,79.534172,34,51
10:51,17.984979,79.534172,34,51
10:52,17.984979,79.534172,34,51
10:53,17.984979,79.534172,34,51
10:54,17.984979,79.534172,34,51
10:55,17.984979,79.534172,34,51
10:56,17.984979,79.534172,34,51
10:57,17.984979,79.534172,34,51
10:58,17.984979,79.534172,34,51
10:59,17.984979,79.534172,34,51
11:00,17.984979,79.534172,35.2,49.8
11:01,17.984979,79.534172,35.2,49.8
11:02,17.984979,79.534172,35.2,49.8
11:03,17.984979,79.534172,35.2,49.8
11:04,17.984979,79.534172,35.2,49.8
11:05,17.984979,79.534172,35.2,49.8
11:06,17.984979,79.534172,35.2,49.8
11:07,17.984979,79.534172,35.2,49.8
11:08,17.984979,79.534172,35.2,49.8
11:09,17.984979,79.534172,35.2,49.8
11:10,17.984979,79.534172,35.2,49.8
11:11,17.984979,79.534172,35.2,49.8
11:12,17.984979,79.534172,35.2,49.8
11:13,17.984979,79.534172,35.2,49.8
11:14,17.984979,79.534172,35.2,49.8
11:15,17.984979,79.534172,35.2,49.8
11:16,17.984979,79.534172,35.2,49.8
11:17,17.984979,79.534172,35.2,49.8
11:18,17.984979,79.534172,35.2,49.8
11:19,17.984979,79.534172,35.2,49.8
11:20,17.984979,79.534172,35.2,49.8
11:21,17.984979,79.534172,35.2,49.8
11:22,17.984979,79.534172,35.2,49.8
11:23,17.984979,79.534172,35.2,49.8
11:24,17.984979,79.534172,35.2,49.8
11:25,17.984979,79.534172,35.2,49.8
11:26,17.984979,79.534172,35.2,49.8
11:27,17.984979,79.534172,35.2,49.8
11:28,17.984979,79.534172,35.2,49.8
11:29,17.984979,79.534172,35.2,49.8
11:30,17.984979,79.534172,35.2,49.8
11:31,17.984979,79.534172,35.2,49.8
11:32,17.984979,79.534172,35.2,49.8
11:33,17.984979,79.534172,35.2,49.8
11:34,17.984979,79.534172,35.2,49.8
11:35,17.984979,79.534172,35.2,49.8
11:36,17.984979,79.534172,35.2,49.8
11:37,17.984979,79.534172,35.2,49.8
11:38,17.984979,79.534172,35.2,49.8
11:39,17.984979,79.534172,35.2,49.8
11:40,17.984979,79.534172,35.2,49.8
11:41,17.984979,79.534172,35.2,49.8
11:42,17.984979,79.534172,35.2,49.8
11:43,17.984979,79.534172,35.2,49.8
11:44,17.984979,79.534172,35.2,49.8
11:45,17.984979,79.534172,35.2,49.8
11:46,17.984979,79.534172,35.2,49.8
11:47,17.984979,79.534172,35.2,49.8
11:48,17.984979,79.534172,35.2,49.8
11:49,17.984979,79.534172,35.2,49.8
11:50,17.984979,79.534172,35.2,49.8
11:51,17.984979,79.534172,35.2,49.8
11:52,17.984979,79.534172,35.2,49.8
11:53,17.984979,79.534172,35.2,49.8
11:54,17.984979,79.534172,35.2,49.8
11:55,17.984979,79.534172,35.2,49.8
11:56,17.984979,79.534172,35.2,49.8
11:57,17.984979,79.534172,35.2,49.8
11:58,17.984979,79.534172,35.2,49.8
11:59,17.984979,79.534172,35.2,49.8
12:00,17.984979,79.534172,36.4,48.6
12:01,17.984979,79.534172,36.4,48.6
12:02,17.984979,79.534172,36.4,48.6
12:03,17.984979,79.534172,36.4,48.6
12:04,17.984979,79.534172,36.4,48.6
12:05,17.984979,79.534172,36.4,48.6
12:06,17.984979,79.534172,36.4,48.6
12:07,17.984979,79.534172,36.4,48.6
12:08,17.984979,79.534172,36.4,48.6
12:09,17.984979,79.534172,36.4,48.6
12:10,17.984979,79.534172,36.4,48.6
12:11,17.984979,79.534172,36.4,48.6
12:12,17.984979,79.534172,36.4,48.6
12:13,17.984979,79.534172,36.4,48.6
12:14,17.984979,79.534172,36.4,48.6
12:15,17.984979,79.534172,36.4,48.6
12:16,17.984979,79.534172,36.4,48.6
12:17,17.984979,79.534172,36.4,48.6
12:18,17.984979,79.534172,36.4,48.6
12:19,17.984979,79.534172,36.4,48.6
12:20,17.984979,79.534172,36.4,48.6
12:21,17.984979,79.534172,36.4,48.6
12:22,17.984979,79.534172,36.4,48.6
12:23,17.984979,79.534172,36.4,48.6
12:24,17.984979,79.534172,36.4,48.6
12:25,17.984979,79.534172,36.4,48.6
12:26,17.984979,79.534172,36.4,48.6
12:27,17.984979,79.534172,36.4,48.6
12:28,17.984979,79.534172,36.4,48.6
12:29,17.984979,79.534172,36.4,48.6
12:30,17.984979,79.534172,36.4,48.6
12:31,17.984979,79.534172,36.4,48.6
12:32,17.984979,79.534172,36.4,48.6
12:33,17.984979,79.534172,36.4,48.6
12:34,17.984979,79.534172,36.4,48.6
12:35,17.984979,79.534172,36.4,48.6
12:36,17.984979,79.534172,36.4,48.6
12:37,17.984979,79.534172,36.4,48.6
12:38,17.984979,79.534172,36.4,48.6
12:39,17.984979,79.534172,36.4,48.6
12:40,17.984979,79.534172,36.4,48.6
12:41,17.984979,79.534172,36.4,48.6
12:42,17.984979,79.534172,36.4,48.6
12:43,17.984979,79.534172,36.4,48.6
12:44,17.984979,79.534172,36.4,48.6
12:45,17.984979,79.534172,36.4,48.6
12:46,17.984979,79.534172,36.4,48.6
12:47,17.984979,79.534172,36.4,48.6
12:48,17.984979,79.534172,36.4,48.6
12:49,17.984979,79.534172,36.4,48.6
12:50,17.984979,79.534172,36.4,48.6
12:51,17.984979,79.534172,36.4,48.6
12:52,17.984979,79.534172,36.4,48.6
12:53,17.984979,79.534172,36.4,48.6
12:54,17.984979,79.534172,36.4,48.6
12:55,17.984979,79.534172,36.4,48.6
12:56,17.984979,79.534172,36.4,48.6
12:57,17.984979,79.534172,36.4,48.6
12:58,17.984979,79.534172,36.4,48.6
12:59,17.984979,79.534172,36.4,48.6
13:00,17.984979,79.534172,35.5,49.5
13:01,17.984979,79.534172,35.5,49.5
13:02,17.984979,79.534172,35.5,49.5
13:03,17.984979,79.534172,35.5,49.5
13:04,17.984979,79.534172,35.5,49.5
13:05,17.984979,79.534172,35.5,49.5
13:06,17.984979,79.534172,35.5,49.5
13:07,17.984979,79.534172,35.5,49.5
13:08,17.984979,79.534172,35.5,49.5
13:09,17.984979,79.534172,35.5,49.5
13:10,17.984979,79.534172,35.5,49.5
13:11,17.984979,79.534172,35.5,49.5
13:12,17.984979,79.534172,35.5,49.5
13:13,17.984979,79.534172,35.5,49.5
13:14,17.984979,79.534172,35.5,49.5
13:15,17.984979,79.534172,35.5,49.5
13:16,17.984979,79.534172,35.5,49.5
13:17,17.984979,79.534172,35.5,49.5
13:18,17.984979,79.534172,35.5,49.5
13:19,17.984979,79.534172,35.5,49.5
13:20,17.984979,79.534172,35.5,49.5
13:21,17.984979,79.534172,35.5,49.5
13:22,17.984979,79.534172,35.5,49.5
13:23,17.984979,79.534172,35.5,49.5
13:24,17.984979,79.534172,35.5,49.5
13:25,17.984979,79.534172,35.5,49.5
13:26,17.984979,79.534172,35.5,49.5
13:27,17.984979,79.534172,35.5,49.5
13:28,17.984979,79.534172,35.5,49.5
13:29,17.984979,79.534172,35.5,49.5
13:30,17.984979,79.534172,35.5,49.5
13:31,17.984979,79.534172,35.5,49.5
13:32,17.984979,79.534172,35.5,49.5
13:33,17.984979,79.534172,35.5,49.5
13:34,17.984979,79.534172,35.5,49.5
13:35,17.984979,79.534172,35.5,49.5
13:36,17.984979,79.534172,35.5,49.5
13:37,17.984979,79.534172,35.5,49.5
13:38,17.984979,79.534172,35.5,49.5
13:39,17.984979,79.534172,35.5,49.5
13:40,17.984979,79.534172,35.5,49.5
13:41,17.984979,79.534172,35.5,49.5
13:42,17.984979,79.534172,35.5,49.5
13:43,17.984979,79.534172,35.5,49.5
13:44,17.984979,79.534172,35.5,49.5
13:45,17.984979,79.534172,35.5,49.5
13:46,17.984979,79.534172,35.5,49.5
13:47,17.984979,79.534172,35.5,49.5
13:48,17.984979,79.534172,35.5,49.5
13:49,17.984979,79.534172,35.5,49.5
13:50,17.984979,79.534172,35.5,49.5
13:51,17.984979,79.534172,35.5,49.5
13:52,17.984979,79.534172,35.5,49.5
13:53,17.984979,79.534172,35.5,49.5
13:54,17.984979,79.534172,35.5,49.5
13:55,17.984979,79.534172,35.5,49.5
13:56,17.984979,79.534172,35.5,49.5
13:57,17.984979,79.534172,35.5,49.5
13:58,17.984979,79.534172,35.5,49.5
13:59,17.984979,79.534172,35.5,49.5
14:00,17.984979,79.534172,35,50
14:01,17.984979,79.534172,35,50
14:02,17.984979,79.534172,35,50
14:03,17.984979,79.534172,35,50
14:04,17.984979,79.534172,35,50
14:05,17.984979,79.534172,35,50
14:06,17.984979,79.534172,35,50
14:07,17.984979,79.534172,35,50
14:08,17.984979,79.534172,35,50
14:09,17.984979,79.534172,35,50
14:10,17.984979,79.534172,35,50
14:11,17.984979,79.534172,35,50
14:12,17.984979,79.534172,35,50
14:13,17.984979,79.534172,35,50
14:14,17.984979,79.534172,35,50
14:15,17.984979,79.534172,35,50
14:16,17.984979,79.534172,35,50
14:17,17.984979,79.534172,35,50
14:18,17.984979,79.534172,35,50
14:19,17.984979,79.534172,35,50
14:20,17.984979,79.534172,35,50
14:21,17.984979,79.534172,35,50
14:22,17.984979,79.534172,35,50
14:23,17.984979,79.534172,35,50
14:24,17.984979,79.534172,35,50
14:25,17.984979,79.534172,35,50
14:26,17.984979,79.534172,35,50
14:27,17.984979,79.534172,35,50
14:28,17.984979,79.534172,35,50
14:29,17.984979,79.534172,35,50
14:30,17.984979,79.534172,35,50
14:31,17.984979,79.534172,35,50
14:32,17.984979,79.534172,35,50
14:33,17.984979,79.534172,35,50
14:34,17.984979,79.534172,35,50
14:35,17.984979,79.534172,35,50
14:36,17.984979,79.534172,35,50
14:37,17.984979,79.534172,35,50
14:38,17.984979,79.534172,35,50
14:39,17.984979,79.534172,35,50
14:40,17.984979,79.534172,35,50
14:41,17.984979,79.534172,35,50
14:42,17.984979,79.534172,35,50
14:43,17.984979,79.534172,35,50
14:44,17.984979,79.534172,35,50
14:45,17.984979,79.534172,35,50
14:46,17.984979,79.534172,35,50
14:47,17.984979,79.534172,35,50
14:48,17.984979,79.534172,35,50
14:49,17.984979,79.534172,35,50
14:50,17.984979,79.534172,35,50
14:51,17.984979,79.534172,35,50
14:52,17.984979,79.534172,35,50
14:53,17.984979,79.534172,35,50
14:54,17.984979,79.534172,35,50
14:55,17.984979,79.534172,35,50
14:56,17.984979,79.534172,35,50
14:57,17.984979,79.534172,35,50
14:58,17.984979,79.534172,35,50
14:59,17.984979,79.534172,35,50
15:00,17.984979,79.534172,34.5,50.5
15:01,17.984979,79.534172,34.5,50.5
15:02,17.984979,79.534172,34.5,50.5
15:03,17.984979,79.534172,34.5,50.5
15:04,17.984979,79.534172,34.5,50.5
15:05,17.984979,79.534172,34.5,50.5
15:06,17.984979,79.534172,34.5,50.5
15:07,17.984979,79.534172,34.5,50.5
15:08,17.984979,79.534172,34.5,50.5
15:09,17.984979,79.534172,34.5,50.5
15:10,17.984979,79.534172,34.5,50.5
15:11,17.984979,79.534172,34.5,50.5
15:12,17.984979,79.534172,34.5,50.5
15:13,17.984979,79.534172,34.5,50.5
15:14,17.984979,79.534172,34.5,50.5
15:15,17.984979,79.534172,34.5,50.5
15:16,17.984979,79.534172,34.5,50.5
15:17,17.984979,79.534172,34.5,50.5
15:18,17.984979,79.534172,34.5,50.5
15:19,17.984979,79.534172,34.5,50.5
15:20,17.984979,79.534172,34.5,50.5
15:21,17.984979,79.534172,34.5,50.5
15:22,17.984979,79.534172,34.5,50.5
15:23,17.984979,79.534172,34.5,50.5
15:24,17.984979,79.534172,34.5,50.5
15:25,17.984979,79.534172,34.5,50.5
15:26,17.984979,79.534172,34.5,50.5
15:27,17.984979,79.534172,34.5,50.5
15:28,17.984979,79.534172,34.5,50.5
15:29,17.984979,79.534172,34.5,50.5
15:30,17.984979,79.534172,34.5,50.5
15:31,17.984979,79.534172,34.5,50.5
15:32,17.984979,79.534172,34.5,50.5
15:33,17.984979,79.534172,34.5,50.5
15:34,17.984979,79.534172,34.5,50.5
15:35,17.984979,79.534172,34.5,50.5
15:36,17.984979,79.534172,34.5,50.5
15:37,17.984979,79.534172,34.5,50.5
15:38,17.984979,79.534172,34.5,50.5
15:39,17.984979,79.534172,34.5,50.5
15:40,17.984979,79.534172,34.5,50.5
15:41,17.984979,79.534172,34.5,50.5
15:42,17.984979,79.534172,34.5,50.5
15:43,17.984979,79.534172,34.5,50.5
15:44,17.984979,79.534172,34.5,50.5
15:45,17.984979,79.534172,34.5,50.5
15:46,17.984979,79.534172,34.5,50.5
15:47,17.984979,79.534172,34.5,50.5
15:48,17.984979,79.534172,34.5,50.5
15:49,17.984979,79.534172,34.5,50.5
15:50,17.984979,79.534172,34.5,50.5
15:51,17.984979,79.534172,34.5,50.5
15:52,17.984979,79.534172,34.5,50.5
15:53,17.984979,79.534172,34.5,50.5
15:54,17.984979,79.534172,34.5,50.5
15:55,17.984979,79.534172,34.5,50.5
15:56,17.984979,79.534172,34.5,50.5
15:57,17.984979,79.534172,34.5,50.5
15:58,17.984979,79.534172,34.5,50.5
15:59,17.984979,79.534172,34.5,50.5
16:00,17.984979,79.534172,34,51
16:01,17.984979,79.534172,34,51
16:02,17.984979,79.534172,34,51
16:03,17.984979,79.534172,34,51
16:04,17.984979,79.534172,34,51
16:05,17.984979,79.534172,34,51
16:06,17.984979,79.534172,34,51
16:07,17.984979,79.534172,34,51
16:08,17.984979,79.534172,34,51
16:09,17.984979,79.534172,34,51
16:10,17.984979,79.534172,34,51
16:11,17.984979,79.534172,34,51
16:12,17.984979,79.534172,34,51
16:13,17.984979,79.534172,34,51
16:14,17.984979,79.534172,34,51
16:15,17.984979,79.534172,34,51
16:16,17.984979,79.534172,34,51
16:17,17.984979,79.534172,34,51
16:18,17.984979,79.534172,34,51
16:19,17.984979,79.534172,34,51
16:20,17.984979,79.534172,34,51
16:21,17.984979,79.534172,34,51
16:22,17.984979,79.534172,34,51
16:23,17.984979,79.534172,34,51
16:24,17.984979,79.534172,34,51
16:25,17.984979,79.534172,34,51
16:26,17.984979,79.534172,34,51
16:27,17.984979,79.534172,34,51
16:28,17.984979,79.534172,34,51
16:29,17.984979,79.534172,34,51
16:30,17.984979,79.534172,34,51
16:31,17.984979,79.534172,34,51
16:32,17.984979,79.534172,34,51
16:33,17.984979,79.534172,34,51
16:34,17.984979,79.534172,34,51
16:35,17.984979,79.534172,34,51
16:36,17.984979,79.534172,34,51
16:37,17.984979,79.534172,34,51
16:38,17.984979,79.534172,34,51
16:39,17.984979,79.534172,34,51
16:40,17.984979,79.534172,34,51
16:41,17.984979,79.534172,34,51
16:42,17.984979,79.534172,34,51
16:43,17.984979,79.534172,34,51
16:44,17.984979,79.534172,34,51
16:45,17.984979,79.534172,34,51
16:46,17.984979,79.534172,34,51
16:47,17.984979,79.534172,34,51
16:48,17.984979,79.534172,34,51
16:49,17.984979,79.534172,34,51
16:50,17.984979,79.534172,34,51
16:51,17.984979,79.534172,34,51
16:52,17.984979,79.534172,34,51
16:53,17.984979,79.534172,34,51
16:54,17.984979,79.534172,34,51
16:55,17.984979,79.534172,34,51
16:56,17.984979,79.534172,34,51
16:57,17.984979,79.534172,34,51
16:58,17.984979,79.534172,34,51
16:59,17.984979,79.534172,34,51
17:00,17.984979,79.534172,33.5,51.5
17:01,17.984979,79.534172,33.5,51.5
17:02,17.984979,79.534172,33.5,51.5
17:03,17.984979,79.534172,33.5,51.5
17:04,17.984979,79.534172,33.5,51.5
17:05,17.984979,79.534172,33.5,51.5
17:06,17.984979,79.534172,33.5,51.5
17:07,17.984979,79.534172,33.5,51.5
17:08,17.984979,79.534172,33.5,51.5
17:09,17.984979,79.534172,33.5,51.5
17:10,17.984979,79.534172,33.5,51.5
17:11,17.984979,79.534172,33.5,51.5
17:12,17.984979,79.534172,33.5,51.5
17:13,17.984979,79.534172,33.5,51.5
17:14,17.984979,79.534172,33.5,51.5
17:15,17.984979,79.534172,33.5,51.5
17:16,17.984979,79.534172,33.5,51.5
17:17,17.984979,79.534172,33.5,51.5
17:18,17.984979,79.534172,33.5,51.5
17:19,17.984979,79.534172,33.5,51.5
17:20,17.984979,79.534172,33.5,51.5
17:21,17.984979,79.534172,33.5,51.5
17:22,17.984979,79.534172,33.5,51.5
17:23,17.984979,79.534172,33.5,51.5
17:24,17.984979,79.534172,33.5,51.5
17:25,17.984979,79.534172,33.5,51.5
17:26,17.984979,79.534172,33.5,51.5
17:27,17.984979,79.534172,33.5,51.5
17:28,17.984979,79.534172,33.5,51.5
17:29,17.984979,79.534172,33.5,51.5
17:30,17.984979,79.534172,33.5,51.5
17:31,17.984979,79.534172,33.5,51.5
17:32,17.984979,79.534172,33.5,51.5
17:33,17.984979,79.534172,33.5,51.5
17:34,17.984979,79.534172,33.5,51.5
17:35,17.984979,79.534172,33.5,51.5
17:36,17.984979,79.534172,33.5,51.5
17:37,17.984979,79.534172,33.5,51.5
17:38,17.984979,79.534172,33.5,51.5
17:39,17.984979,79.534172,33.5,51.5
17:40,17.984979,79.534172,33.5,51.5
17:41,17.984979,79.534172,33.5,51.5
17:42,17.984979,79.534172,33.5,51.5
17:43,17.984979,79.534172,33.5,51.5
17:44,17.984979,79.534172,33.5,51.5
17:45,17.984979,79.534172,33.5,51.5
17:46,17.984979,79.534172,33.5,51.5
17:47,17.984979,79.534172,33.5,51.5
17:48,17.984979,79.534172,33.5,51.5
17:49,17.984979,79.534172,33.5,51.5
17:50,17.984979,79.534172,33.5,51.5
17:51,17.984979,79.534172,33.5,51.5
17:52,17.984979,79.534172,33.5,51.5
17:53,17.984979,79.534172,33.5,51.5
17:54,17.984979,79.534172,33.5,51.5
17:55,17.984979,79.534172,33.5,51.5
17:56,17.984979,79.534172,33.5,51.5
17:57,17.984979,79.534172,33.5,51.5
17:58,17.984979,79.534172,33.5,51.5
17:59,17.984979,79.534172,33.5,51.5
18:00,17.984979,79.534172,34,51
18:01,17.984979,79.534172,34,51
18:02,17.984979,79.534172,34,51
18:03,17.984979,79.534172,34,51
18:04,17.984979,79.534172,34,51
18:05,17.984979,79.534172,34,51
18:06,17.984979,79.534172,34,51
18:07,17.984979,79.534172,34,51
18:08,17.984979,79.534172,34,51
18:09,17.984979,79.534172,34,51
18:10,17.984979,79.534172,34,51
18:11,17.984979,79.534172,34,51
18:12,17.984979,79.534172,34,51
18:13,17.984979,79.534172,34,51
18:14,17.984979,79.534172,34,51
18:15,17.984979,79.534172,34,51
18:16,17.984979,79.534172,34,51
18:17,17.984979,79.534172,34,51
18:18,17.984979,79.534172,34,51
18:19,17.984979,79.534172,34,51
18:20,17.984979,79.534172,34,51
18:21,17.984979,79.534172,34,51
18:22,17.984979,79.534172,34,51
18:23,17.984979,79.534172,34,51
18:24,17.984979,79.534172,34,51
18:25,17.984979,79.534172,34,51
18:26,17.984979,79.534172,34,51
18:27,17.984979,79.534172,34,51
18:28,17.984979,79.534172,34,51
18:29,17.984979,79.534172,34,51
18:30,17.984979,79.534172,34,51
18:31,17.984979,79.534172,34,51
18:32,17.984979,79.534172,34,51
18:33,17.984979,79.534172,34,51
18:34,17.984979,79.534172,34,51
18:35,17.984979,79.534172,34,51
18:36,17.984979,79.534172,34,51
18:37,17.984979,79.534172,34,51
18:38,17.984979,79.534172,34,51
18:39,17.984979,79.534172,34,51
18:40,17.984979,79.534172,34,51
18:41,17.984979,79.534172,34,51
18:42,17.984979,79.534172,34,51
18:43,17.984979,79.534172,34,51
18:44,17.984979,79.534172,34,51
18:45,17.984979,79.534172,34,51
18:46,17.984979,79.534172,34,51
18:47,17.984979,79.534172,34,51
18:48,17.984979,79.534172,34,51
18:49,17.984979,79.534172,34,51
18:50,17.984979,79.534172,34,51
18:51,17.984979,79.534172,34,51
18:52,17.984979,79.534172,34,51
18:53,17.984979,79.534172,34,51
18:54,17.984979,79.534172,34,51
18:55,17.984979,79.534172,34,51
18:56,17.984979,79.534172,34,51
18:57,17.984979,79.534172,34,51
18:58,17.984979,79.534172,34,51
18:59,17.984979,79.534172,34,51
19:00,17.984979,79.534172,33.4,51.6
19:01,17.984979,79.534172,33.4,51.6
19:02,17.984979,79.534172,33.4,51.6
19:03,17.984979,79.534172,33.4,51.6
19:04,17.984979,79.534172,33.4,51.6
19:05,17.984979,79.534172,33.4,51.6
19:06,17.984979,79.534172,33.4,51.6
19:07,17.984979,79.534172,33.4,51.6
19:08,17.984979,79.534172,33.4,51.6
19:09,17.984979,79.534172,33.4,51.6
19:10,17.984979,79.534172,33.4,51.6
19:11,17.984979,79.534172,33.4,51.6
19:12,17.984979,79.534172,33.4,51.6
19:13,17.984979,79.534172,33.4,51.6
19:14,17.984979,79.534172,33.4,51.6
19:15,17.984979,79.534172,33.4,51.6
19:16,17.984979,79.534172,33.4,51.6
19:17,17.984979,79.534172,33.4,51.6
19:18,17.984979,79.534172,33.4,51.6
19:19,17.984979,79.534172,33.4,51.6
19:20,17.984979,79.534172,33.4,51.6
19:21,17.984979,79.534172,33.4,51.6
19:22,17.984979,79.534172,33.4,51.6
19:23,17.984979,79.534172,33.4,51.6
19:24,17.984979,79.534172,33.4,51.6
19:25,17.984979,79.534172,33.4,51.6
19:26,17.984979,79.534172,33.4,51.6
19:27,17.984979,79.534172,33.4,51.6
19:28,17.984979,79.534172,33.4,51.6
19:29,17.984979,79.534172,33.4,51.6
19:30,17.984979,79.534172,33.4,51.6
19:31,17.984979,79.534172,33.4,51.6
19:32,17.984979,79.534172,33.4,51.6
19:33,17.984979,79.534172,33.4,51.6
19:34,17.984979,79.534172,33.4,51.6
19:35,17.984979,79.534172,33.4,51.6
19:36,17.984979,79.534172,33.4,51.6
19:37,17.984979,79.534172,33.4,51.6
19:38,17.984979,79.534172,33.4,51.6
19:39,17.984979,79.534172,33.4,51.6
19:40,17.984979,79.534172,33.4,51.6
19:41,17.984979,79.534172,33.4,51.6
19:42,17.984979,79.534172,33.4,51.6
19:43,17.984979,79.534172,33.4,51.6
19:44,17.984979,79.534172,33.4,51.6
19:45,17.984979,79.534172,33.4,51.6
19:46,17.984979,79.534172,33.4,51.6
19:47,17.984979,79.534172,33.4,51.6
19:48,17.984979,79.534172,33.4,51.6
19:49,17.984979,79.534172,33.4,51.6
19:50,17.984979,79.534172,33.4,51.6
19:51,17.984979,79.534172,33.4,51.6
19:52,17.984979,79.534172,33.4,51.6
19:53,17.984979,79.534172,33.4,51.6
19:54,17.984979,79.534172,33.4,51.6
19:55,17.984979,79.534172,33.4,51.6
19:56,17.984979,79.534172,33.4,51.6
19:57,17.984979,79.534172,33.4,51.6
19:58,17.984979,79.534172,33.4,51.6
19:59,17.984979,79.534172,33.4,51.6
20:00,17.984979,79.534172,32.8,52.2
20:01,17.984979,79.534172,32.8,52.2
20:02,17.984979,79.534172,32.8,52.2
20:03,17.984979,79.534172,32.8,52.2
20:04,17.984979,79.534172,32.8,52.2
20:05,17.984979,79.534172,32.8,52.2
20:06,17.984979,79.534172,32.8,52.2
20:07,17.984979,79.534172,32.8,52.2
20:08,17.984979,79.534172,32.8,52.2
20:09,17.984979,79.534172,32.8,52.2
20:10,17.984979,79.534172,32.8,52.2
20:11,17.984979,79.534172,32.8,52.2
20:12,17.984979,79.534172,32.8,52.2
20:13,17.984979,79.534172,32.8,52.2
20:14,17.984979,79.534172,32.8,52.2
20:15,17.984979,79.534172,32.8,52.2
20:16,17.984979,79.534172,32.8,52.2
20:17,17.984979,79.534172,32.8,52.2
20:18,17.984979,79.534172,32.8,52.2
20:19,17.984979,79.534172,32.8,52.2
20:20,17.984979,79.534172,32.8,52.2
20:21,17.984979,79.534172,32.8,52.2
20:22,17.984979,79.534172,32.8,52.2
20:23,17.984979,79.534172,32.8,52.2
20:24,17.984979,79.534172,32.8,52.2
20:25,17.984979,79.534172,32.8,52.2
20:26,17.984979,79.534172,32.8,52.2
20:27,17.984979,79.534172,32.8,52.2
20:28,17.984979,79.534172,32.8,52.2
20:29,17.984979,79.534172,32.8,52.2
20:30,17.984979,79.534172,32.8,52.2
20:31,17.984979,79.534172,32.8,52.2
20:32,17.984979,79.534172,32.8,52.2
20:33,17.984979,79.534172,32.8,52.2
20:34,17.984979,79.534172,32.8,52.2
20:35,17.984979,79.534172,32.8,52.2
20:36,17.984979,79.534172,32.8,52.2
20:37,17.984979,79.534172,32.8,52.2
20:38,17.984979,79.534172,32.8,52.2
20:39,17.984979,79.534172,32.8,52.2
20:40,17.984979,79.534172,32.8,52.2
20:41,17.984979,79.534172,32.8,52.2
20:42,17.984979,79.534172,32.8,52.2
20:43,17.984979,79.534172,32.8,52.2
20:44,17.984979,79.534172,32.8,52.2
20:45,17.984979,79.534172,32.8,52.2
20:46,17.984979,79.534172,32.8,52.2
20:47,17.984979,79.534172,32.8,52.2
20:48,17.984979,79.534172,32.8,52.2
20:49,17.984979,79.534172,32.8,52.2
20:50,17.984979,79.534172,32.8,52.2
20:51,17.984979,79.534172,32.8,52.2
20:52,17.984979,79.534172,32.8,52.2
20:53,17.984979,79.534172,32.8,52.2
20:54,17.984979,79.534172,32.8,52.2
20:55,17.984979,79.534172,32.8,52.2
20:56,17.984979,79.534172,32.8,52.2
20:57,17.984979,79.534172,32.8,52.2
20:58,17.984979,79.534172,32.8,52.2
20:59,17.984979,79.534172,32.8,52.2
21:00,17.984979,79.534172,32.2,52.8
21:01,17.984979,79.534172,32.2,52.8
21:02,17.984979,79.534172,32.2,52.8
21:03,17.984979,79.534172,32.2,52.8
21:04,17.984979,79.534172,32.2,52.8
21:05,17.984979,79.534172,32.2,52.8
21:06,17.984979,79.534172,32.2,52.8
21:07,17.984979,79.534172,32.2,52.8
21:08,17.984979,79.534172,32.2,52.8
21:09,17.984979,79.534172,32.2,52.8
21:10,17.984979,79.534172,32.2,52.8
21:11,17.984979,79.534172,32.2,52.8
21:12,17.984979,79.534172,32.2,52.8
21:13,17.984979,79.534172,32.2,52.8
21:14,17.984979,79.534172,32.2,52.8
21:15,17.984979,79.534172,32.2,52.8
21:16,17.984979,79.534172,32.2,52.8
21:17,17.984979,79.534172,32.2,52.8
21:18,17.984979,79.534172,32.2,52.8
21:19,17.984979,79.534172,32.2,52.8
21:20,17.984979,79.534172,32.2,52.8
21:21,17.984979,79.534172,32.2,52.8
21:22,17.984979,79.534172,32.2,52.8
21:23,17.984979,79.534172,32.2,52.8
21:24,17.984979,79.534172,32.2,52.8
21:25,17.984979,79.534172,32.2,52.8
21:26,17.984979,79.534172,32.2,52.8
21:27,17.984979,79.534172,32.2,52.8
21:28,17.984979,79.534172,32.2,52.8
21:29,17.984979,79.534172,32.2,52.8
21:30,17.984979,79.534172,32.2,52.8
21:31,17.984979,79.534172,32.2,52.8
21:32,17.984979,79.534172,32.2,52.8
21:33,17.984979,79.534172,32.2,52.8
21:34,17.984979,79.534172,32.2,52.8
21:35,17.984979,79.534172,32.2,52.8
21:36,17.984979,79.534172,32.2,52.8
21:37,17.984979,79.534172,32.2,52.8
21:38,17.984979,79.534172,32.2,52.8
21:39,17.984979,79.534172,32.2,52.8
21:40,17.984979,79.534172,32.2,52.8
21:41,17.984979,79.534172,32.2,52.8
21:42,17.984979,79.534172,32.2,52.8
21:43,17.984979,79.534172,32.2,52.8
21:44,17.984979,79.534172,32.2,52.8
21:45,17.984979,79.534172,32.2,52.8
21:46,17.984979,79.534172,32.2,52.8
21:47,17.984979,79.534172,32.2,52.8
21:48,17.984979,79.534172,32.2,52.8
21:49,17.984979,79.534172,32.2,52.8
21:50,17.984979,79.534172,32.2,52.8
21:51,17.984979,79.534172,32.2,52.8
21:52,17.984979,79.534172,32.2,52.8
21:53,17.984979,79.534172,32.2,52.8
21:54,17.984979,79.534172,32.2,52.8
21:55,17.984979,79.534172,32.2,52.8
21:56,17.984979,79.534172,32.2,52.8
21:57,17.984979,79.534172,32.2,52.8
21:58,17.984979,79.534172,32.2,52.8
21:59,17.984979,79.534172,32.2,52.8
22:00,17.984979,79.534172,31.6,53.4
22:01,17.984979,79.534172,31.6,53.4
22:02,17.984979,79.534172,31.6,53.4
22:03,17.984979,79.534172,31.6,53.4
22:04,17.984979,79.534172,31.6,53.4
22:05,17.984979,79.534172,31.6,53.4
22:06,17.984979,79.534172,31.6,53.4
22:07,17.984979,79.534172,31.6,53.4
22:08,17.984979,79.534172,31.6,53.4
22:09,17.984979,79.534172,31.6,53.4
22:10,17.984979,79.534172,31.6,53.4
22:11,17.984979,79.534172,31.6,53.4
22:12,17.984979,79.534172,31.6,53.4
22:13,17.984979,79.534172,31.6,53.4
22:14,17.984979,79.534172,31.6,53.4
22:15,17.984979,79.534172,31.6,53.4
22:16,17.984979,79.534172,31.6,53.4
22:17,17.984979,79.534172,31.6,53.4
22:18,17.984979,79.534172,31.6,53.4
22:19,17.984979,79.534172,31.6,53.4
22:20,17.984979,79.534172,31.6,53.4
22:21,17.984979,79.534172,31.6,53.4
22:22,17.984979,79.534172,31.6,53.4
22:23,17.984979,79.534172,31.6,53.4
22:24,17.984979,79.534172,31.6,53.4
22:25,17.984979,79.534172,31.6,53.4
22:26,17.984979,79.534172,31.6,53.4
22:27,17.984979,79.534172,31.6,53.4
22:28,17.984979,79.534172,31.6,53.4
22:29,17.984979,79.534172,31.6,53.4
22:30,17.984979,79.534172,31.6,53.4
22:31,17.984979,79.534172,31.6,53.4
22:32,17.984979,79.534172,31.6,53.4
22:33,17.984979,79.534172,31.6,53.4
22:34,17.984979,79.534172,31.6,53.4
22:35,17.984979,79.534172,31.6,53.4
22:36,17.984979,79.534172,31.6,53.4
22:37,17.984979,79.534172,31.6,53.4
22:38,17.984979,79.534172,31.6,53.4
22:39,17.984979,79.534172,31.6,53.4
22:40,17.984979,79.534172,31.6,53.4
22:41,17.984979,79.534172,31.6,53.4
22:42,17.984979,79.534172,31.6,53.4
22:43,17.984979,79.534172,31.6,53.4
22:44,17.984979,79.534172,31.6,53.4
22:45,17.984979,79.534172,31.6,53.4
22:46,17.984979,79.534172,31.6,53.4
22:47,17.984979,79.534172,31.6,53.4
22:48,17.984979,79.534172,31.6,53.4
22:49,17.984979,79.534172,31.6,53.4
22:50,17.984979,79.534172,31.6,53.4
22:51,17.984979,79.534172,31.6,53.4
22:52,17.984979,79.534172,31.6,53.4
22:53,17.984979,79.534172,31.6,53.4
22:54,17.984979,79.534172,31.6,53.4
22:55,17.984979,79.534172,31.6,53.4
22:56,17.984979,79.534172,31.6,53.4
22:57,17.984979,79.534172,31.6,53.4
22:58,17.984979,79.534172,31.6,53.4
22:59,17.984979,79.534172,31.6,53.4
23:00,17.984979,79.534172,31,54
23:01,17.984979,79.534172,31,54
23:02,17.984979,79.534172,31,54
23:03,17.984979,79.534172,31,54
23:04,17.984979,79.534172,31,54
23:05,17.984979,79.534172,31,54
23:06,17.984979,79.534172,31,54
23:07,17.984979,79.534172,31,54
23:08,17.984979,79.534172,31,54
23:09,17.984979,79.534172,31,54
23:10,17.984979,79.534172,31,54
23:11,17.984979,79.534172,31,54
23:12,17.984979,79.534172,31,54
23:13,17.984979,79.534172,31,54
23:14,17.984979,79.534172,31,54
23:15,17.984979,79.534172,31,54
23:16,17.984979,79.534172,31,54
23:17,17.984979,79.534172,31,54
23:18,17.984979,79.534172,31,54
23:19,17.984979,79.534172,31,54
23:20,17.984979,79.534172,31,54
23:21,17.984979,79.534172,31,54
23:22,17.984979,79.534172,31,54
23:23,17.984979,79.534172,31,54
23:24,17.984979,79.534172,31,54
23:25,17.984979,79.534172,31,54
23:26,17.984979,79.534172,31,54
23:27,17.984979,79.534172,31,54
23:28,17.984979,79.534172,31,54
23:29,17.984979,79.534172,31,54
23:30,17.984979,79.534172,31,54
23:31,17.984979,79.534172,31,54
23:32,17.984979,79.534172,31,54
23:33,17.984979,79.534172,31,54
23:34,17.984979,79.534172,31,54
23:35,17.984979,79.534172,31,54
23:36,17.984979,79.534172,31,54
23:37,17.984979,79.534172,31,54
23:38,17.984979,79.534172,31,54
23:39,17.984979,79.534172,31,54
23:40,17.984979,79.534172,31,54
23:41,17.984979,79.534172,31,54
23:42,17.984979,79.534172,31,54
23:43,17.984979,79.534172,31,54
23:44,17.984979,79.534172,31,54
23:45,17.984979,79.534172,31,54
23:46,17.984979,79.534172,31,54
23:47,17.984979,79.534172,31,54
23:48,17.984979,79.534172,31,54
23:49,17.984979,79.534172,31,54
23:50,17.984979,79.534172,31,54
23:51,17.984979,79.534172,31,54
23:52,17.984979,79.534172,31,54
23:53,17.984979,79.534172,31,54
23:54,17.984979,79.534172,31,54
23:55,17.984979,79.534172,31,54
23:56,17.984979,79.534172,31,54
23:57,17.984979,79.534172,31,54
23:58,17.984979,79.534172,31,54
23:59,17.984979,79.534172,31,54
